{"nm":"Flow 1","ddd":0,"h":70,"w":260,"meta":{"g":"LottieFiles Figma v51"},"layers":[{"ty":4,"nm":"Line 1","sr":1,"st":0,"op":232.09,"ip":0,"hd":false,"ddd":0,"bm":0,"hasMask":false,"ao":0,"ks":{"a":{"a":1,"k":[{"o":{"x":0,"y":0},"i":{"x":1,"y":1},"s":[130,0],"t":0},{"o":{"x":0,"y":0},"i":{"x":1,"y":1},"s":[130,0],"t":230},{"s":[130,0],"t":231}]},"s":{"a":1,"k":[{"o":{"x":0,"y":0},"i":{"x":1,"y":1},"s":[100,100],"t":0},{"o":{"x":0,"y":0},"i":{"x":1,"y":1},"s":[100,100],"t":230},{"s":[100,100],"t":231}]},"sk":{"a":0,"k":0},"p":{"a":1,"k":[{"o":{"x":0,"y":0},"i":{"x":1,"y":1},"s":[130,63],"t":0},{"o":{"x":0,"y":0},"i":{"x":1,"y":1},"s":[130,63],"t":230},{"s":[130,63],"t":231}]},"r":{"a":1,"k":[{"o":{"x":0,"y":0},"i":{"x":1,"y":1},"s":[0],"t":0},{"o":{"x":0,"y":0},"i":{"x":1,"y":1},"s":[0],"t":230},{"s":[0],"t":231}]},"sa":{"a":0,"k":0},"o":{"a":1,"k":[{"o":{"x":0,"y":0},"i":{"x":1,"y":1},"s":[100],"t":0},{"o":{"x":0,"y":0},"i":{"x":1,"y":1},"s":[100],"t":230},{"s":[100],"t":231}]}},"shapes":[{"ty":"sh","bm":0,"hd":false,"nm":"","d":1,"ks":{"a":1,"k":[{"o":{"x":0,"y":0},"i":{"x":1,"y":1},"s":[{"c":true,"i":[[0,0],[0,0],[0,0],[0,0]],"o":[[0,0],[0,0],[0,0],[0,0]],"v":[[0,0],[260,0],[260,0],[0,0]]}],"t":0},{"o":{"x":0,"y":0},"i":{"x":1,"y":1},"s":[{"c":true,"i":[[0,0],[0,0],[0,0],[0,0]],"o":[[0,0],[0,0],[0,0],[0,0]],"v":[[0,0],[260,0],[260,0],[0,0]]}],"t":230},{"s":[{"c":true,"i":[[0,0],[0,0],[0,0],[0,0]],"o":[[0,0],[0,0],[0,0],[0,0]],"v":[[0,0],[260,0],[260,0],[0,0]]}],"t":231}]}},{"ty":"st","bm":0,"hd":false,"nm":"","lc":1,"lj":1,"ml":4,"o":{"a":1,"k":[{"o":{"x":0,"y":0},"i":{"x":1,"y":1},"s":[100],"t":0},{"o":{"x":0,"y":0},"i":{"x":1,"y":1},"s":[100],"t":230},{"s":[100],"t":231}]},"w":{"a":1,"k":[{"o":{"x":0,"y":0},"i":{"x":1,"y":1},"s":[2],"t":0},{"o":{"x":0,"y":0},"i":{"x":1,"y":1},"s":[2],"t":230},{"s":[2],"t":231}]},"c":{"a":1,"k":[{"o":{"x":0,"y":0},"i":{"x":1,"y":1},"s":[0.0118,0.8549,0.7725],"t":0},{"o":{"x":0,"y":0},"i":{"x":1,"y":1},"s":[0.0118,0.8549,0.7725],"t":230},{"s":[0.0118,0.8549,0.7725],"t":231}]}}],"ind":1},{"ty":0,"nm":"Shopping cart","sr":1,"st":0,"op":232.09,"ip":0,"hd":false,"ddd":0,"bm":0,"hasMask":true,"ao":0,"ks":{"a":{"a":1,"k":[{"o":{"x":0,"y":0},"i":{"x":1,"y":1},"s":[30,30],"t":0},{"o":{"x":0,"y":0},"i":{"x":1,"y":1},"s":[30,30],"t":230},{"s":[30,30],"t":231}]},"s":{"a":1,"k":[{"o":{"x":0,"y":0},"i":{"x":1,"y":1},"s":[100,100],"t":0},{"o":{"x":0,"y":0},"i":{"x":1,"y":1},"s":[100,100],"t":230},{"s":[100,100],"t":231}]},"sk":{"a":0,"k":0},"p":{"a":1,"k":[{"o":{"x":0,"y":0},"i":{"x":1,"y":1},"s":[-30,35],"t":0},{"o":{"x":0,"y":0},"i":{"x":1,"y":1},"s":[290,35],"t":230},{"s":[-30,35],"t":231}]},"r":{"a":1,"k":[{"o":{"x":0,"y":0},"i":{"x":1,"y":1},"s":[0],"t":0},{"o":{"x":0,"y":0},"i":{"x":1,"y":1},"s":[0],"t":230},{"s":[0],"t":231}]},"sa":{"a":0,"k":0},"o":{"a":1,"k":[{"o":{"x":0,"y":0},"i":{"x":1,"y":1},"s":[100],"t":0},{"o":{"x":0,"y":0},"i":{"x":1,"y":1},"s":[100],"t":230},{"s":[100],"t":231}]}},"masksProperties":[{"nm":"","inv":false,"mode":"a","x":{"a":0,"k":0},"o":{"a":0,"k":100},"pt":{"a":1,"k":[{"o":{"x":0,"y":0},"i":{"x":1,"y":1},"s":[{"c":true,"i":[[0,0],[0,0],[0,0],[0,0]],"o":[[0,0],[0,0],[0,0],[0,0]],"v":[[0,0],[60,0],[60,60],[0,60]]}],"t":0},{"o":{"x":0,"y":0},"i":{"x":1,"y":1},"s":[{"c":true,"i":[[0,0],[0,0],[0,0],[0,0]],"o":[[0,0],[0,0],[0,0],[0,0]],"v":[[0,0],[60,0],[60,60],[0,60]]}],"t":230},{"s":[{"c":true,"i":[[0,0],[0,0],[0,0],[0,0]],"o":[[0,0],[0,0],[0,0],[0,0]],"v":[[0,0],[60,0],[60,60],[0,60]]}],"t":231}]}}],"w":260,"h":70,"refId":"1","ind":2},{"ty":4,"nm":"Frame 1 Bg","sr":1,"st":0,"op":232.09,"ip":0,"hd":false,"ddd":0,"bm":0,"hasMask":false,"ao":0,"ks":{"a":{"a":1,"k":[{"o":{"x":0,"y":0},"i":{"x":1,"y":1},"s":[130,35],"t":0},{"o":{"x":0,"y":0},"i":{"x":1,"y":1},"s":[130,35],"t":230},{"s":[130,35],"t":231}]},"s":{"a":1,"k":[{"o":{"x":0,"y":0},"i":{"x":1,"y":1},"s":[100,100],"t":0},{"o":{"x":0,"y":0},"i":{"x":1,"y":1},"s":[100,100],"t":230},{"s":[100,100],"t":231}]},"sk":{"a":0,"k":0},"p":{"a":1,"k":[{"o":{"x":0,"y":0},"i":{"x":1,"y":1},"s":[130,35],"t":0},{"o":{"x":0,"y":0},"i":{"x":1,"y":1},"s":[130,35],"t":230},{"s":[130,35],"t":231}]},"r":{"a":1,"k":[{"o":{"x":0,"y":0},"i":{"x":1,"y":1},"s":[0],"t":0},{"o":{"x":0,"y":0},"i":{"x":1,"y":1},"s":[0],"t":230},{"s":[0],"t":231}]},"sa":{"a":0,"k":0},"o":{"a":1,"k":[{"o":{"x":0,"y":0},"i":{"x":1,"y":1},"s":[100],"t":0},{"o":{"x":0,"y":0},"i":{"x":1,"y":1},"s":[100],"t":230},{"s":[100],"t":231}]}},"shapes":[{"ty":"sh","bm":0,"hd":false,"nm":"","d":1,"ks":{"a":1,"k":[{"o":{"x":0,"y":0},"i":{"x":1,"y":1},"s":[{"c":true,"i":[[0,0],[0,0],[0,0],[0,0]],"o":[[0,0],[0,0],[0,0],[0,0]],"v":[[0,0],[260,0],[260,70],[0,70]]}],"t":0},{"o":{"x":0,"y":0},"i":{"x":1,"y":1},"s":[{"c":true,"i":[[0,0],[0,0],[0,0],[0,0]],"o":[[0,0],[0,0],[0,0],[0,0]],"v":[[0,0],[260,0],[260,70],[0,70]]}],"t":230},{"s":[{"c":true,"i":[[0,0],[0,0],[0,0],[0,0]],"o":[[0,0],[0,0],[0,0],[0,0]],"v":[[0,0],[260,0],[260,70],[0,70]]}],"t":231}]}},{"ty":"fl","bm":0,"hd":false,"nm":"","c":{"a":1,"k":[{"o":{"x":0,"y":0},"i":{"x":1,"y":1},"s":[1,1,1],"t":0},{"o":{"x":0,"y":0},"i":{"x":1,"y":1},"s":[1,1,1],"t":230},{"s":[1,1,1],"t":231}]},"r":1,"o":{"a":1,"k":[{"o":{"x":0,"y":0},"i":{"x":1,"y":1},"s":[100],"t":0},{"o":{"x":0,"y":0},"i":{"x":1,"y":1},"s":[100],"t":230},{"s":[100],"t":231}]}}],"ind":3}],"v":"5.7.0","fr":60,"op":231.09,"ip":0,"assets":[{"nm":"[Asset] Shopping cart","id":"1","layers":[{"ty":4,"nm":"Vector","sr":1,"st":0,"op":232.09,"ip":0,"hd":false,"ddd":0,"bm":0,"hasMask":false,"ao":0,"ks":{"a":{"a":1,"k":[{"o":{"x":0,"y":0},"i":{"x":1,"y":1},"s":[25,25],"t":0},{"o":{"x":0,"y":0},"i":{"x":1,"y":1},"s":[25,25],"t":230},{"s":[25,25],"t":231}]},"s":{"a":1,"k":[{"o":{"x":0,"y":0},"i":{"x":1,"y":1},"s":[100,100],"t":0},{"o":{"x":0,"y":0},"i":{"x":1,"y":1},"s":[100,100],"t":230},{"s":[100,100],"t":231}]},"sk":{"a":0,"k":0},"p":{"a":1,"k":[{"o":{"x":0,"y":0},"i":{"x":1,"y":1},"s":[27.5,30],"t":0},{"o":{"x":0,"y":0},"i":{"x":1,"y":1},"s":[27.5,30],"t":230},{"s":[27.5,30],"t":231}]},"r":{"a":1,"k":[{"o":{"x":0,"y":0},"i":{"x":1,"y":1},"s":[0],"t":0},{"o":{"x":0,"y":0},"i":{"x":1,"y":1},"s":[0],"t":230},{"s":[0],"t":231}]},"sa":{"a":0,"k":0},"o":{"a":1,"k":[{"o":{"x":0,"y":0},"i":{"x":1,"y":1},"s":[100],"t":0},{"o":{"x":0,"y":0},"i":{"x":1,"y":1},"s":[100],"t":230},{"s":[100],"t":231}]}},"ef":[{"ty":25,"nm":"","en":1,"ef":[{"ty":2,"nm":"color","v":{"a":1,"k":[{"o":{"x":0,"y":0},"i":{"x":1,"y":1},"s":[0,0,0,0.25],"t":0},{"o":{"x":0,"y":0},"i":{"x":1,"y":1},"s":[0,0,0,0.25],"t":230},{"s":[0,0,0,0.25],"t":231}]}},{"ty":0,"nm":"opacity","v":{"a":1,"k":[{"o":{"x":0,"y":0},"i":{"x":1,"y":1},"s":[64],"t":0},{"o":{"x":0,"y":0},"i":{"x":1,"y":1},"s":[64],"t":230},{"s":[64],"t":231}]}},{"ty":1,"nm":"angle","v":{"a":1,"k":[{"o":{"x":0,"y":0},"i":{"x":1,"y":1},"s":[180],"t":0},{"o":{"x":0,"y":0},"i":{"x":1,"y":1},"s":[180],"t":230},{"s":[180],"t":231}]}},{"ty":0,"nm":"distance","v":{"a":1,"k":[{"o":{"x":0,"y":0},"i":{"x":1,"y":1},"s":[4],"t":0},{"o":{"x":0,"y":0},"i":{"x":1,"y":1},"s":[4],"t":230},{"s":[4],"t":231}]}},{"ty":0,"nm":"blur","v":{"a":1,"k":[{"o":{"x":0,"y":0},"i":{"x":1,"y":1},"s":[8],"t":0},{"o":{"x":0,"y":0},"i":{"x":1,"y":1},"s":[8],"t":230},{"s":[8],"t":231}]}}]}],"shapes":[{"ty":"sh","bm":0,"hd":false,"nm":"","d":1,"ks":{"a":1,"k":[{"o":{"x":0,"y":0},"i":{"x":1,"y":1},"s":[{"c":true,"i":[[0,0],[0,-2.75],[-2.75,0],[0,2.75],[2.75,0]],"o":[[-2.75,0],[0,2.75],[2.75,0],[0,-2.75],[0,0]],"v":[[15,40],[10.03,45],[15,50],[20,45],[15,40]]}],"t":0},{"o":{"x":0,"y":0},"i":{"x":1,"y":1},"s":[{"c":true,"i":[[0,0],[0,-2.75],[-2.75,0],[0,2.75],[2.75,0]],"o":[[-2.75,0],[0,2.75],[2.75,0],[0,-2.75],[0,0]],"v":[[15,40],[10.03,45],[15,50],[20,45],[15,40]]}],"t":230},{"s":[{"c":true,"i":[[0,0],[0,-2.75],[-2.75,0],[0,2.75],[2.75,0]],"o":[[-2.75,0],[0,2.75],[2.75,0],[0,-2.75],[0,0]],"v":[[15,40],[10.03,45],[15,50],[20,45],[15,40]]}],"t":231}]}},{"ty":"sh","bm":0,"hd":false,"nm":"","d":1,"ks":{"a":1,"k":[{"o":{"x":0,"y":0},"i":{"x":1,"y":1},"s":[{"c":true,"i":[[0,0],[0,0],[0,0],[0,0],[0,0],[0,-0.87],[-2.75,0],[0,0],[0,0],[0,0],[0,0.35],[0,0],[0,0],[0,0],[-0.85,1.55],[0,0],[0,0.43],[1.38,0],[0,0],[0,0],[0,0]],"o":[[0,0],[0,0],[0,0],[0,0],[-0.4,0.7],[0,2.75],[0,0],[0,0],[0,0],[-0.35,0],[0,0],[0,0],[0,0],[1.88,0],[0,0],[0.2,-0.35],[0,-1.37],[0,0],[0,0],[0,0],[0,0]],"v":[[0,0],[0,5],[5,5],[14,23.98],[10.63,30.1],[10,32.5],[15,37.5],[45,37.5],[45,32.5],[16.05,32.5],[15.43,31.88],[15.5,31.58],[17.75,27.5],[36.38,27.5],[40.75,24.93],[49.7,8.7],[50,7.5],[47.5,5],[10.53,5],[8.18,0],[0,0]]}],"t":0},{"o":{"x":0,"y":0},"i":{"x":1,"y":1},"s":[{"c":true,"i":[[0,0],[0,0],[0,0],[0,0],[0,0],[0,-0.87],[-2.75,0],[0,0],[0,0],[0,0],[0,0.35],[0,0],[0,0],[0,0],[-0.85,1.55],[0,0],[0,0.43],[1.38,0],[0,0],[0,0],[0,0]],"o":[[0,0],[0,0],[0,0],[0,0],[-0.4,0.7],[0,2.75],[0,0],[0,0],[0,0],[-0.35,0],[0,0],[0,0],[0,0],[1.88,0],[0,0],[0.2,-0.35],[0,-1.37],[0,0],[0,0],[0,0],[0,0]],"v":[[0,0],[0,5],[5,5],[14,23.98],[10.63,30.1],[10,32.5],[15,37.5],[45,37.5],[45,32.5],[16.05,32.5],[15.43,31.88],[15.5,31.58],[17.75,27.5],[36.38,27.5],[40.75,24.93],[49.7,8.7],[50,7.5],[47.5,5],[10.53,5],[8.18,0],[0,0]]}],"t":230},{"s":[{"c":true,"i":[[0,0],[0,0],[0,0],[0,0],[0,0],[0,-0.87],[-2.75,0],[0,0],[0,0],[0,0],[0,0.35],[0,0],[0,0],[0,0],[-0.85,1.55],[0,0],[0,0.43],[1.38,0],[0,0],[0,0],[0,0]],"o":[[0,0],[0,0],[0,0],[0,0],[-0.4,0.7],[0,2.75],[0,0],[0,0],[0,0],[-0.35,0],[0,0],[0,0],[0,0],[1.88,0],[0,0],[0.2,-0.35],[0,-1.37],[0,0],[0,0],[0,0],[0,0]],"v":[[0,0],[0,5],[5,5],[14,23.98],[10.63,30.1],[10,32.5],[15,37.5],[45,37.5],[45,32.5],[16.05,32.5],[15.43,31.88],[15.5,31.58],[17.75,27.5],[36.38,27.5],[40.75,24.93],[49.7,8.7],[50,7.5],[47.5,5],[10.53,5],[8.18,0],[0,0]]}],"t":231}]}},{"ty":"sh","bm":0,"hd":false,"nm":"","d":1,"ks":{"a":1,"k":[{"o":{"x":0,"y":0},"i":{"x":1,"y":1},"s":[{"c":true,"i":[[0,0],[0,-2.75],[-2.75,0],[0,2.75],[2.75,0]],"o":[[-2.75,0],[0,2.75],[2.75,0],[0,-2.75],[0,0]],"v":[[40,40],[35.03,45],[40,50],[45,45],[40,40]]}],"t":0},{"o":{"x":0,"y":0},"i":{"x":1,"y":1},"s":[{"c":true,"i":[[0,0],[0,-2.75],[-2.75,0],[0,2.75],[2.75,0]],"o":[[-2.75,0],[0,2.75],[2.75,0],[0,-2.75],[0,0]],"v":[[40,40],[35.03,45],[40,50],[45,45],[40,40]]}],"t":230},{"s":[{"c":true,"i":[[0,0],[0,-2.75],[-2.75,0],[0,2.75],[2.75,0]],"o":[[-2.75,0],[0,2.75],[2.75,0],[0,-2.75],[0,0]],"v":[[40,40],[35.03,45],[40,50],[45,45],[40,40]]}],"t":231}]}},{"ty":"fl","bm":0,"hd":false,"nm":"","c":{"a":1,"k":[{"o":{"x":0,"y":0},"i":{"x":1,"y":1},"s":[0.0039,0.5294,0.5255],"t":0},{"o":{"x":0,"y":0},"i":{"x":1,"y":1},"s":[0.0039,0.5294,0.5255],"t":230},{"s":[0.0039,0.5294,0.5255],"t":231}]},"r":1,"o":{"a":1,"k":[{"o":{"x":0,"y":0},"i":{"x":1,"y":1},"s":[100],"t":0},{"o":{"x":0,"y":0},"i":{"x":1,"y":1},"s":[100],"t":230},{"s":[100],"t":231}]}}],"ind":1},{"ty":4,"nm":"Vector","sr":1,"st":0,"op":232.09,"ip":0,"hd":false,"ddd":0,"bm":0,"hasMask":false,"ao":0,"ks":{"a":{"a":1,"k":[{"o":{"x":0,"y":0},"i":{"x":1,"y":1},"s":[30,30],"t":0},{"o":{"x":0,"y":0},"i":{"x":1,"y":1},"s":[30,30],"t":230},{"s":[30,30],"t":231}]},"s":{"a":1,"k":[{"o":{"x":0,"y":0},"i":{"x":1,"y":1},"s":[100,100],"t":0},{"o":{"x":0,"y":0},"i":{"x":1,"y":1},"s":[100,100],"t":230},{"s":[100,100],"t":231}]},"sk":{"a":0,"k":0},"p":{"a":1,"k":[{"o":{"x":0,"y":0},"i":{"x":1,"y":1},"s":[30,30],"t":0},{"o":{"x":0,"y":0},"i":{"x":1,"y":1},"s":[30,30],"t":230},{"s":[30,30],"t":231}]},"r":{"a":1,"k":[{"o":{"x":0,"y":0},"i":{"x":1,"y":1},"s":[0],"t":0},{"o":{"x":0,"y":0},"i":{"x":1,"y":1},"s":[0],"t":230},{"s":[0],"t":231}]},"sa":{"a":0,"k":0},"o":{"a":1,"k":[{"o":{"x":0,"y":0},"i":{"x":1,"y":1},"s":[100],"t":0},{"o":{"x":0,"y":0},"i":{"x":1,"y":1},"s":[100],"t":230},{"s":[100],"t":231}]}},"ef":[],"shapes":[{"ty":"sh","bm":0,"hd":false,"nm":"","d":1,"ks":{"a":1,"k":[{"o":{"x":0,"y":0},"i":{"x":1,"y":1},"s":[{"c":true,"i":[[0,0],[0,0],[0,0],[0,0],[0,0]],"o":[[0,0],[0,0],[0,0],[0,0],[0,0]],"v":[[0,0],[60,0],[60,60],[0,60],[0,0]]}],"t":0},{"o":{"x":0,"y":0},"i":{"x":1,"y":1},"s":[{"c":true,"i":[[0,0],[0,0],[0,0],[0,0],[0,0]],"o":[[0,0],[0,0],[0,0],[0,0],[0,0]],"v":[[0,0],[60,0],[60,60],[0,60],[0,0]]}],"t":230},{"s":[{"c":true,"i":[[0,0],[0,0],[0,0],[0,0],[0,0]],"o":[[0,0],[0,0],[0,0],[0,0],[0,0]],"v":[[0,0],[60,0],[60,60],[0,60],[0,0]]}],"t":231}]}}],"ind":2},{"ty":4,"nm":"Shopping cart Bg","sr":1,"st":0,"op":232.09,"ip":0,"hd":false,"ddd":0,"bm":0,"hasMask":false,"ao":0,"ks":{"a":{"a":1,"k":[{"o":{"x":0,"y":0},"i":{"x":1,"y":1},"s":[30,30],"t":0},{"o":{"x":0,"y":0},"i":{"x":1,"y":1},"s":[30,30],"t":230},{"s":[30,30],"t":231}]},"s":{"a":1,"k":[{"o":{"x":0,"y":0},"i":{"x":1,"y":1},"s":[100,100],"t":0},{"o":{"x":0,"y":0},"i":{"x":1,"y":1},"s":[100,100],"t":230},{"s":[100,100],"t":231}]},"sk":{"a":0,"k":0},"p":{"a":1,"k":[{"o":{"x":0,"y":0},"i":{"x":1,"y":1},"s":[30,30],"t":0},{"o":{"x":0,"y":0},"i":{"x":1,"y":1},"s":[30,30],"t":230},{"s":[30,30],"t":231}]},"r":{"a":1,"k":[{"o":{"x":0,"y":0},"i":{"x":1,"y":1},"s":[0],"t":0},{"o":{"x":0,"y":0},"i":{"x":1,"y":1},"s":[0],"t":230},{"s":[0],"t":231}]},"sa":{"a":0,"k":0},"o":{"a":1,"k":[{"o":{"x":0,"y":0},"i":{"x":1,"y":1},"s":[100],"t":0},{"o":{"x":0,"y":0},"i":{"x":1,"y":1},"s":[100],"t":230},{"s":[100],"t":231}]}},"ef":[],"shapes":[{"ty":"sh","bm":0,"hd":false,"nm":"","d":1,"ks":{"a":1,"k":[{"o":{"x":0,"y":0},"i":{"x":1,"y":1},"s":[{"c":true,"i":[[0,0],[0,0],[0,0],[0,0]],"o":[[0,0],[0,0],[0,0],[0,0]],"v":[[0,0],[60,0],[60,60],[0,60]]}],"t":0},{"o":{"x":0,"y":0},"i":{"x":1,"y":1},"s":[{"c":true,"i":[[0,0],[0,0],[0,0],[0,0]],"o":[[0,0],[0,0],[0,0],[0,0]],"v":[[0,0],[60,0],[60,60],[0,60]]}],"t":230},{"s":[{"c":true,"i":[[0,0],[0,0],[0,0],[0,0]],"o":[[0,0],[0,0],[0,0],[0,0]],"v":[[0,0],[60,0],[60,60],[0,60]]}],"t":231}]}},{"ty":"fl","bm":0,"hd":false,"nm":"","c":{"a":1,"k":[{"o":{"x":0,"y":0},"i":{"x":1,"y":1},"s":[1,1,1],"t":0},{"o":{"x":0,"y":0},"i":{"x":1,"y":1},"s":[1,1,1],"t":230},{"s":[1,1,1],"t":231}]},"r":1,"o":{"a":1,"k":[{"o":{"x":0,"y":0},"i":{"x":1,"y":1},"s":[0],"t":0},{"o":{"x":0,"y":0},"i":{"x":1,"y":1},"s":[0],"t":230},{"s":[0],"t":231}]}}],"ind":3}]}]}